<?xml version="1.0" encoding="UTF-8"?>
<actions>
    <action>
        <actionName>CUSTOM-custom maven command</actionName>
        <displayName>custom maven command</displayName>
        <goals>
            <goal>mvn</goal>
            <goal>-version</goal>
        </goals>
    </action>
    <action>
        <actionName>run</actionName>
        <packagings>
            <packaging>jar</packaging>
        </packagings>
        <goals>
            <goal>process-classes</goal>
            <goal>fi.helsinki.cs.tmc:runner-maven-plugin:1.0:run-with-fixed-umlauts</goal>

        </goals>
        <properties>
            <exec.args>-classpath %classpath ${packageClassName}</exec.args>
            <exec.executable>java</exec.executable>
            <Env.LANG>en_US.UTF-8</Env.LANG>
        </properties>
    </action>
</actions>
